1,GEN_1
2,GEN_2
3,GEN_3
4,GEN_4
5,GEN_5
6,GEN_6
7,GEN_7
8,GEN_8
9,GEN_9
10,GEN_10
11,GEN_11
12,GEN_12
13,GEN_13
14,GEN_14
15,GEN_15
16,GEN_16
17,GEN_17
18,GEN_18
19,GEN_19
20,GEN_20
21,GEN_21
22,GEN_22
23,GEN_23
24,GEN_24
25,GEN_25
26,GEN_26
27,GEN_27
28,GEN_28
29,GEN_29
30,GEN_30
31,GEN_31
32,GEN_32
33,GEN_33
34,GEN_34
35,GEN_35
36,GEN_36
37,GEN_37
38,GEN_38
39,GEN_39
40,GEN_40
41,GEN_41
42,GEN_42
43,GEN_43
44,GEN_44
45,GEN_45
46,GEN_46
47,GEN_47
48,GEN_48
49,GEN_49
50,GEN_50
51,GEN_51
52,GEN_52
53,GEN_53
54,GEN_54
55,GEN_55
56,GEN_56
57,GEN_57
58,GEN_58
59,GEN_59
60,GEN_60
61,GEN_61
62,GEN_62
63,GEN_63
64,GEN_64
65,GEN_65
66,GEN_66
67,GEN_67
68,GEN_68
69,GEN_69
70,GEN_70
71,GEN_71
72,GEN_72
73,GEN_73
74,GEN_74
75,GEN_75
76,GEN_76
77,GEN_77
78,GEN_78
79,GEN_79
80,GEN_80
81,GEN_81
82,GEN_82
83,GEN_83
84,GEN_84
85,GEN_85
86,GEN_86
87,GEN_87
88,GEN_88
89,GEN_89
90,GEN_90
91,GEN_91
92,GEN_92
93,GEN_93
94,GEN_94
95,GEN_95
96,GEN_96
97,GEN_97
98,GEN_98
99,GEN_99
100,GEN_100
101,GEN_101
